[{"fields": {"model": "logentry", "app_label": "admin"}, "model": "contenttypes.contenttype", "pk": 1}, {"fields": {"model": "permission", "app_label": "auth"}, "model": "contenttypes.contenttype", "pk": 2}, {"fields": {"model": "group", "app_label": "auth"}, "model": "contenttypes.contenttype", "pk": 3}, {"fields": {"model": "user", "app_label": "auth"}, "model": "contenttypes.contenttype", "pk": 4}, {"fields": {"model": "contenttype", "app_label": "contenttypes"}, "model": "contenttypes.contenttype", "pk": 5}, {"fields": {"model": "session", "app_label": "sessions"}, "model": "contenttypes.contenttype", "pk": 6}, {"fields": {"model": "project", "app_label": "perfhistory"}, "model": "contenttypes.contenttype", "pk": 7}, {"fields": {"model": "tag", "app_label": "perfhistory"}, "model": "contenttypes.contenttype", "pk": 8}, {"fields": {"model": "result", "app_label": "perfhistory"}, "model": "contenttypes.contenttype", "pk": 9}, {"fields": {"model": "transaction", "app_label": "perfhistory"}, "model": "contenttypes.contenttype", "pk": 10}, {"fields": {"expire_date": "2016-02-09T19:39:43.546Z", "session_data": "ODYxODlkNjQzZjY3YzFiNDc3NDRkY2VkYjU0YTdlZTZiOWZmMGM4Yzp7Il9hdXRoX3VzZXJfaGFzaCI6ImNlOWViZDQ1NmVjZTQzNmQyM2RmODE2MjliZjg4MTA1Y2U2YzIzYTgiLCJfYXV0aF91c2VyX2lkIjoiMSIsIl9hdXRoX3VzZXJfYmFja2VuZCI6ImRqYW5nby5jb250cmliLmF1dGguYmFja2VuZHMuTW9kZWxCYWNrZW5kIn0="}, "model": "sessions.session", "pk": "46miur8olmus6w9xywsqynu35z4tjcbm"}, {"fields": {"expire_date": "2016-02-10T00:20:14.830Z", "session_data": "MGE5MTUwMWRmNDNiMDE0ZjRhNGNkNzA1NGMwZTkyNDFmNzFiMzJmOTp7Il9hdXRoX3VzZXJfaGFzaCI6ImNlOWViZDQ1NmVjZTQzNmQyM2RmODE2MjliZjg4MTA1Y2U2YzIzYTgiLCJfYXV0aF91c2VyX2JhY2tlbmQiOiJkamFuZ28uY29udHJpYi5hdXRoLmJhY2tlbmRzLk1vZGVsQmFja2VuZCIsIl9hdXRoX3VzZXJfaWQiOiIxIn0="}, "model": "sessions.session", "pk": "86fvr4zn671z58f4owefuctgeu7l5a50"}, {"fields": {"expire_date": "2016-02-10T00:22:03.768Z", "session_data": "MGE5MTUwMWRmNDNiMDE0ZjRhNGNkNzA1NGMwZTkyNDFmNzFiMzJmOTp7Il9hdXRoX3VzZXJfaGFzaCI6ImNlOWViZDQ1NmVjZTQzNmQyM2RmODE2MjliZjg4MTA1Y2U2YzIzYTgiLCJfYXV0aF91c2VyX2JhY2tlbmQiOiJkamFuZ28uY29udHJpYi5hdXRoLmJhY2tlbmRzLk1vZGVsQmFja2VuZCIsIl9hdXRoX3VzZXJfaWQiOiIxIn0="}, "model": "sessions.session", "pk": "onwck2obj3v0kzeudp1gfqj8z3oy75dc"}, {"fields": {"expire_date": "2016-02-09T19:32:47.022Z", "session_data": "MGE5MTUwMWRmNDNiMDE0ZjRhNGNkNzA1NGMwZTkyNDFmNzFiMzJmOTp7Il9hdXRoX3VzZXJfaGFzaCI6ImNlOWViZDQ1NmVjZTQzNmQyM2RmODE2MjliZjg4MTA1Y2U2YzIzYTgiLCJfYXV0aF91c2VyX2JhY2tlbmQiOiJkamFuZ28uY29udHJpYi5hdXRoLmJhY2tlbmRzLk1vZGVsQmFja2VuZCIsIl9hdXRoX3VzZXJfaWQiOiIxIn0="}, "model": "sessions.session", "pk": "otb8v04ig5t3kie3q3bx6u9vqmqadb7i"}, {"fields": {"expire_date": "2016-02-10T00:21:48.578Z", "session_data": "MGE5MTUwMWRmNDNiMDE0ZjRhNGNkNzA1NGMwZTkyNDFmNzFiMzJmOTp7Il9hdXRoX3VzZXJfaGFzaCI6ImNlOWViZDQ1NmVjZTQzNmQyM2RmODE2MjliZjg4MTA1Y2U2YzIzYTgiLCJfYXV0aF91c2VyX2JhY2tlbmQiOiJkamFuZ28uY29udHJpYi5hdXRoLmJhY2tlbmRzLk1vZGVsQmFja2VuZCIsIl9hdXRoX3VzZXJfaWQiOiIxIn0="}, "model": "sessions.session", "pk": "pm8dhftt7rjgh9aqwwdaqgf380t3fbex"}, {"fields": {"expire_date": "2016-02-15T22:55:10.854Z", "session_data": "Yzg0NDM3YTU5MDQ2NTQ3NDJlYjA4MTVlNDJkN2JmNGFkMWIyOTA4Mzp7Il9hdXRoX3VzZXJfaGFzaCI6IjQxNTllYmI3MGFhYWM0OGU4YzE2NzYyOGY0ZTBkNGQzY2U3MDEyOTgiLCJfYXV0aF91c2VyX2JhY2tlbmQiOiJkamFuZ28uY29udHJpYi5hdXRoLmJhY2tlbmRzLk1vZGVsQmFja2VuZCIsIl9hdXRoX3VzZXJfaWQiOiIxIn0="}, "model": "sessions.session", "pk": "slium7p0dqn0vbjrj2ej3y4ibk7samis"}, {"fields": {"expire_date": "2016-02-10T00:18:52.446Z", "session_data": "MGE5MTUwMWRmNDNiMDE0ZjRhNGNkNzA1NGMwZTkyNDFmNzFiMzJmOTp7Il9hdXRoX3VzZXJfaGFzaCI6ImNlOWViZDQ1NmVjZTQzNmQyM2RmODE2MjliZjg4MTA1Y2U2YzIzYTgiLCJfYXV0aF91c2VyX2JhY2tlbmQiOiJkamFuZ28uY29udHJpYi5hdXRoLmJhY2tlbmRzLk1vZGVsQmFja2VuZCIsIl9hdXRoX3VzZXJfaWQiOiIxIn0="}, "model": "sessions.session", "pk": "sy5lax5siig9y84rr81kia1zynerg7g7"}, {"fields": {"expire_date": "2016-02-10T00:17:04.722Z", "session_data": "MGE5MTUwMWRmNDNiMDE0ZjRhNGNkNzA1NGMwZTkyNDFmNzFiMzJmOTp7Il9hdXRoX3VzZXJfaGFzaCI6ImNlOWViZDQ1NmVjZTQzNmQyM2RmODE2MjliZjg4MTA1Y2U2YzIzYTgiLCJfYXV0aF91c2VyX2JhY2tlbmQiOiJkamFuZ28uY29udHJpYi5hdXRoLmJhY2tlbmRzLk1vZGVsQmFja2VuZCIsIl9hdXRoX3VzZXJfaWQiOiIxIn0="}, "model": "sessions.session", "pk": "wy1ve808baydj0qrstcsv5psis1z94li"}, {"fields": {"created": "2016-01-26T19:55:08.710Z", "name": "Mashery Local Upgrade", "last_modified": "2016-01-26T19:55:39.450Z", "description": "Performance Testing Results ML 2.7.7, 3.0 and 3.1"}, "model": "perfhistory.project", "pk": 1}, {"fields": {"project": 1, "created": "2016-01-26T19:55:58.369Z", "name": "10 Users", "last_modified": "2016-01-26T19:55:58.369Z", "description": ""}, "model": "perfhistory.tag", "pk": 1}, {"fields": {"project": 1, "created": "2016-01-26T19:58:27.269Z", "name": "30 Users", "last_modified": "2016-01-26T19:58:27.269Z", "description": ""}, "model": "perfhistory.tag", "pk": 2}, {"fields": {"project": 1, "created": "2016-01-26T19:59:53.931Z", "name": "100 Users", "last_modified": "2016-01-26T19:59:53.931Z", "description": ""}, "model": "perfhistory.tag", "pk": 3}, {"fields": {"name": "ML277_10users_1223_1120pmPST", "last_modified": "2016-01-27T00:46:27.534Z", "created": "2016-01-26T19:57:36.853Z", "baseline": true, "filename": "ML277_10users_1223_1120pmPST.jtl", "project": 1, "duration_minutes": 60.0, "tag": 1, "version": "2.7.7", "numberofusers": 10, "description": "ML277_10users_1223_1120pmPST.jtl"}, "model": "perfhistory.result", "pk": 1}, {"fields": {"name": "ML30_10users_1222_5pmPST", "last_modified": "2016-01-27T00:46:27.532Z", "created": "2016-01-26T19:58:11.720Z", "baseline": false, "filename": "ML30_10users_1222_5pmPST.jtl", "project": 1, "duration_minutes": 60.0, "tag": 1, "version": "3.0", "numberofusers": 10, "description": "ML30_10users_1222_5pmPST.jtl"}, "model": "perfhistory.result", "pk": 2}, {"fields": {"name": "ML30_30users_1222_710pmPST", "last_modified": "2016-01-26T19:59:36.497Z", "created": "2016-01-26T19:58:58.928Z", "baseline": false, "filename": "ML30_30users_1222_710pmPST.jtl", "project": 1, "duration_minutes": 60.0, "tag": 2, "version": "3.0", "numberofusers": 30, "description": "ML30_30users_1222_710pmPST.jtl"}, "model": "perfhistory.result", "pk": 3}, {"fields": {"name": "ML277_30users_1224_1224amPST", "last_modified": "2016-01-26T19:59:36.498Z", "created": "2016-01-26T19:59:33.747Z", "baseline": true, "filename": "ML277_30users_1224_1224amPST.jtl", "project": 1, "duration_minutes": 60.0, "tag": 2, "version": "2.7.7", "numberofusers": 30, "description": "ML277_30users_1224_1224amPST.jtl"}, "model": "perfhistory.result", "pk": 4}, {"fields": {"name": "ML277_100users_1224_1240pmPST", "last_modified": "2016-01-26T20:00:21.081Z", "created": "2016-01-26T20:00:21.081Z", "baseline": true, "filename": "ML277_100users_1224_1240pmPST.jtl", "project": 1, "duration_minutes": 60.0, "tag": 3, "version": "2.7.7", "numberofusers": 100, "description": "ML277_100users_1224_1240pmPST.jtl"}, "model": "perfhistory.result", "pk": 5}, {"fields": {"name": "ML30_100users_1222_815pmPST", "last_modified": "2016-01-26T20:00:59.194Z", "created": "2016-01-26T20:00:59.194Z", "baseline": false, "filename": "ML30_100users_1222_815pmPST.jtl", "project": 1, "duration_minutes": 60.0, "tag": 3, "version": "3.0", "numberofusers": 100, "description": "ML30_100users_1222_815pmPST.jtl"}, "model": "perfhistory.result", "pk": 6}, {"fields": {"name": "ML31_10users_126_1254pmPST", "last_modified": "2016-01-27T00:58:37.111Z", "created": "2016-01-27T00:20:15.598Z", "baseline": false, "filename": "/Users/mbeig/Tests/Results/ML3_Upgrade/3.1/ML31_10users_126_1254pmPST.jtl", "project": 1, "duration_minutes": 60.0, "tag": 1, "version": "3.1 (012516)", "numberofusers": 10, "description": "/Users/mbeig/Tests/Results/ML3_Upgrade/3.1/ML31_10users_126_1254pmPST.jtl"}, "model": "perfhistory.result", "pk": 9}, {"fields": {"name": "ML31_30users_126_1148amPST", "last_modified": "2016-01-27T20:28:40.651Z", "created": "2016-01-27T00:21:50.887Z", "baseline": false, "filename": "/Users/mbeig/Tests/Results/ML3_Upgrade/3.1/ML31_30users_126_1148amPST.jtl", "project": 1, "duration_minutes": 60.0, "tag": 2, "version": "3.1 (012516)", "numberofusers": 30, "description": "/Users/mbeig/Tests/Results/ML3_Upgrade/3.1/ML31_30users_126_1148amPST.jtl"}, "model": "perfhistory.result", "pk": 10}, {"fields": {"name": "ML31_100users_126_1043amPST", "last_modified": "2016-01-27T00:23:50.315Z", "created": "2016-01-27T00:22:11.721Z", "baseline": false, "filename": "/Users/mbeig/Tests/Results/ML3_Upgrade/3.1/ML31_100users_126_1043amPST.jtl", "project": 1, "duration_minutes": 60.0, "tag": 3, "version": "3.1 (012516)", "numberofusers": 100, "description": "                                              /Users/mbeig/Tests/Results/ML3_Upgrade/3.1/ML31_100users_126_1043amPST.jtl"}, "model": "perfhistory.result", "pk": 11}, {"fields": {"p99": 132.0, "description": null, "created": "2016-01-26T19:57:36.855Z", "p90": 78.0, "p99_99": 332.0, "success_qps": 0.19444444444444445, "failure_count": 0, "median": 48.0, "maximum": 332.0, "p95": 112.0, "minimum": 24.0, "last_modified": "2016-01-26T19:57:36.855Z", "success_count": 700, "result": 1, "stddev": 23.926596439263605, "average": 54.99, "failure_qps": 0.0, "name": "Create Token"}, "model": "perfhistory.transaction", "pk": 1}, {"fields": {"p99": 64.0, "description": null, "created": "2016-01-26T19:57:36.856Z", "p90": 62.0, "p99_99": 1447.0, "success_qps": 19.561944444444446, "failure_count": 0, "median": 52.0, "maximum": 1941.0, "p95": 63.0, "minimum": 42.0, "last_modified": "2016-01-26T19:57:36.856Z", "success_count": 70423, "result": 1, "stddev": 21.942547828472218, "average": 54.44741064708973, "failure_qps": 0.0, "name": "Traffic Call (UnProtected)"}, "model": "perfhistory.transaction", "pk": 2}, {"fields": {"p99": 64.0, "description": null, "created": "2016-01-26T19:57:36.856Z", "p90": 62.0, "p99_99": 1447.0, "success_qps": 19.36722222222222, "failure_count": 0, "median": 52.0, "maximum": 1927.0, "p95": 63.0, "minimum": 42.0, "last_modified": "2016-01-26T19:57:36.856Z", "success_count": 69722, "result": 1, "stddev": 22.2374990915356, "average": 54.393677748773705, "failure_qps": 0.0, "name": "Traffic Call (Protected)"}, "model": "perfhistory.transaction", "pk": 3}, {"fields": {"p99": 48.0, "description": null, "created": "2016-01-26T19:58:11.721Z", "p90": 46.0, "p99_99": 88.0, "success_qps": 20.370833333333334, "failure_count": 0, "median": 44.0, "maximum": 132.0, "p95": 46.0, "minimum": 42.0, "last_modified": "2016-01-26T19:58:11.721Z", "success_count": 73335, "result": 2, "stddev": 1.9355588508390331, "average": 44.33411058839572, "failure_qps": 0.0, "name": "Traffic Call (UnProtected)"}, "model": "perfhistory.transaction", "pk": 4}, {"fields": {"p99": 119.0, "description": null, "created": "2016-01-26T19:58:11.721Z", "p90": 69.0, "p99_99": 149.0, "success_qps": 0.20222222222222222, "failure_count": 0, "median": 50.0, "maximum": 149.0, "p95": 84.0, "minimum": 20.0, "last_modified": "2016-01-26T19:58:11.721Z", "success_count": 728, "result": 2, "stddev": 17.02101941584117, "average": 52.0989010989011, "failure_qps": 0.0, "name": "Create Token"}, "model": "perfhistory.transaction", "pk": 5}, {"fields": {"p99": 48.0, "description": null, "created": "2016-01-26T19:58:11.721Z", "p90": 45.0, "p99_99": 86.0, "success_qps": 20.1675, "failure_count": 0, "median": 44.0, "maximum": 123.0, "p95": 46.0, "minimum": 41.0, "last_modified": "2016-01-26T19:58:11.722Z", "success_count": 72603, "result": 2, "stddev": 1.9097896570006299, "average": 44.22332410506453, "failure_qps": 0.0, "name": "Traffic Call (Protected)"}, "model": "perfhistory.transaction", "pk": 6}, {"fields": {"p99": 47.0, "description": null, "created": "2016-01-26T19:58:58.929Z", "p90": 44.0, "p99_99": 85.0, "success_qps": 61.28055555555556, "failure_count": 0, "median": 43.0, "maximum": 142.0, "p95": 45.0, "minimum": 41.0, "last_modified": "2016-01-26T19:58:58.929Z", "success_count": 220610, "result": 3, "stddev": 1.4362031796972436, "average": 43.58608403970808, "failure_qps": 0.0, "name": "Traffic Call (UnProtected)"}, "model": "perfhistory.transaction", "pk": 7}, {"fields": {"p99": 142.0, "description": null, "created": "2016-01-26T19:58:58.929Z", "p90": 94.0, "p99_99": 188.0, "success_qps": 0.6083333333333333, "failure_count": 0, "median": 55.0, "maximum": 188.0, "p95": 115.0, "minimum": 11.0, "last_modified": "2016-01-26T19:58:58.929Z", "success_count": 2190, "result": 3, "stddev": 24.74295608309228, "average": 59.45068493150685, "failure_qps": 0.0, "name": "Create Token"}, "model": "perfhistory.transaction", "pk": 8}, {"fields": {"p99": 46.0, "description": null, "created": "2016-01-26T19:58:58.929Z", "p90": 44.0, "p99_99": 85.0, "success_qps": 60.63722222222222, "failure_count": 0, "median": 43.0, "maximum": 125.0, "p95": 45.0, "minimum": 41.0, "last_modified": "2016-01-26T19:58:58.929Z", "success_count": 218294, "result": 3, "stddev": 1.3950914307925169, "average": 43.52725681878567, "failure_qps": 0.0, "name": "Traffic Call (Protected)"}, "model": "perfhistory.transaction", "pk": 9}, {"fields": {"p99": 66.0, "description": null, "created": "2016-01-26T19:59:33.748Z", "p90": 62.0, "p99_99": 1971.0, "success_qps": 58.34722222222222, "failure_count": 0, "median": 53.0, "maximum": 3022.0, "p95": 63.0, "minimum": 42.0, "last_modified": "2016-01-26T19:59:33.748Z", "success_count": 210050, "result": 4, "stddev": 32.351724976249855, "average": 55.840495120209475, "failure_qps": 0.0, "name": "Traffic Call (UnProtected)"}, "model": "perfhistory.transaction", "pk": 10}, {"fields": {"p99": 133.0, "description": null, "created": "2016-01-26T19:59:33.749Z", "p90": 91.0, "p99_99": 1102.0, "success_qps": 0.58, "failure_count": 0, "median": 48.0, "maximum": 1102.0, "p95": 111.0, "minimum": 12.0, "last_modified": "2016-01-26T19:59:33.749Z", "success_count": 2088, "result": 4, "stddev": 35.08220643459203, "average": 52.684865900383144, "failure_qps": 0.0, "name": "Create Token"}, "model": "perfhistory.transaction", "pk": 11}, {"fields": {"p99": 66.0, "description": null, "created": "2016-01-26T19:59:33.749Z", "p90": 62.0, "p99_99": 1914.0, "success_qps": 57.778333333333336, "failure_count": 0, "median": 53.0, "maximum": 2007.0, "p95": 63.0, "minimum": 42.0, "last_modified": "2016-01-26T19:59:33.749Z", "success_count": 208002, "result": 4, "stddev": 32.02136180143372, "average": 55.782228055499466, "failure_qps": 0.0, "name": "Traffic Call (Protected)"}, "model": "perfhistory.transaction", "pk": 12}, {"fields": {"p99": 82.0, "description": null, "created": "2016-01-26T20:00:21.082Z", "p90": 64.0, "p99_99": 1805.0, "success_qps": 192.19361111111112, "failure_count": 0, "median": 56.0, "maximum": 2263.0, "p95": 69.0, "minimum": 41.0, "last_modified": "2016-01-26T20:00:21.082Z", "success_count": 691897, "result": 5, "stddev": 30.945203874497583, "average": 58.916197064013865, "failure_qps": 0.0, "name": "Traffic Call (UnProtected)"}, "model": "perfhistory.transaction", "pk": 13}, {"fields": {"p99": 154.0, "description": null, "created": "2016-01-26T20:00:21.082Z", "p90": 101.0, "p99_99": 427.0, "success_qps": 1.9102777777777777, "failure_count": 0, "median": 39.0, "maximum": 445.0, "p95": 119.0, "minimum": 12.0, "last_modified": "2016-01-26T20:00:21.082Z", "success_count": 6877, "result": 5, "stddev": 35.06014480512862, "average": 48.196015704522324, "failure_qps": 0.0, "name": "Create Token"}, "model": "perfhistory.transaction", "pk": 14}, {"fields": {"p99": 82.0, "description": null, "created": "2016-01-26T20:00:21.082Z", "p90": 64.0, "p99_99": 1910.0, "success_qps": 190.37305555555557, "failure_count": 0, "median": 56.0, "maximum": 2263.0, "p95": 69.0, "minimum": 41.0, "last_modified": "2016-01-26T20:00:21.082Z", "success_count": 685343, "result": 5, "stddev": 31.059989880717108, "average": 58.87097993267605, "failure_qps": 0.0, "name": "Traffic Call (Protected)"}, "model": "perfhistory.transaction", "pk": 15}, {"fields": {"p99": 51.0, "description": null, "created": "2016-01-26T20:00:59.202Z", "p90": 46.0, "p99_99": 122.0, "success_qps": 203.72861111111112, "failure_count": 0, "median": 44.0, "maximum": 202.0, "p95": 47.0, "minimum": 41.0, "last_modified": "2016-01-26T20:00:59.202Z", "success_count": 733423, "result": 6, "stddev": 2.294986189710925, "average": 44.250755703052675, "failure_qps": 0.0, "name": "Traffic Call (UnProtected)"}, "model": "perfhistory.transaction", "pk": 16}, {"fields": {"p99": 171.0, "description": null, "created": "2016-01-26T20:00:59.202Z", "p90": 116.0, "p99_99": 600.0, "success_qps": 2.022222222222222, "failure_count": 0, "median": 57.0, "maximum": 644.0, "p95": 132.0, "minimum": 10.0, "last_modified": "2016-01-26T20:00:59.202Z", "success_count": 7280, "result": 6, "stddev": 39.483031633594166, "average": 62.67211538461538, "failure_qps": 0.0, "name": "Create Token"}, "model": "perfhistory.transaction", "pk": 17}, {"fields": {"p99": 51.0, "description": null, "created": "2016-01-26T20:00:59.202Z", "p90": 46.0, "p99_99": 124.0, "success_qps": 201.56277777777777, "failure_count": 0, "median": 44.0, "maximum": 203.0, "p95": 47.0, "minimum": 41.0, "last_modified": "2016-01-26T20:00:59.202Z", "success_count": 725626, "result": 6, "stddev": 2.3156250738195987, "average": 44.2134818763385, "failure_qps": 0.0, "name": "Traffic Call (Protected)"}, "model": "perfhistory.transaction", "pk": 18}, {"fields": {"p99": 47.0, "description": null, "created": "2016-01-27T00:20:15.599Z", "p90": 45.0, "p99_99": 85.66, "success_qps": 20.384166666666665, "failure_count": 0, "median": 44.0, "maximum": 125.0, "p95": 46.0, "minimum": 42.0, "last_modified": "2016-01-27T00:20:15.599Z", "success_count": 73383, "result": 9, "stddev": 1.96, "average": 44.17, "failure_qps": 0.0, "name": "Traffic Call (UnProtected)"}, "model": "perfhistory.transaction", "pk": 28}, {"fields": {"p99": 47.0, "description": null, "created": "2016-01-27T00:20:15.599Z", "p90": 45.0, "p99_99": 85.74, "success_qps": 20.174166666666668, "failure_count": 0, "median": 44.0, "maximum": 119.0, "p95": 46.0, "minimum": 42.0, "last_modified": "2016-01-27T00:20:15.599Z", "success_count": 72627, "result": 9, "stddev": 2.1, "average": 44.18, "failure_qps": 0.0, "name": "Traffic Call (Protected)"}, "model": "perfhistory.transaction", "pk": 29}, {"fields": {"p99": 121.6, "description": null, "created": "2016-01-27T00:20:15.599Z", "p90": 73.0, "p99_99": 149.64, "success_qps": 0.2025, "failure_count": 0, "median": 47.0, "maximum": 150.0, "p95": 88.0, "minimum": 11.0, "last_modified": "2016-01-27T00:20:15.599Z", "success_count": 729, "result": 9, "stddev": 20.47, "average": 48.97, "failure_qps": 0.0, "name": "Create Token"}, "model": "perfhistory.transaction", "pk": 30}, {"fields": {"p99": 46.0, "description": null, "created": "2016-01-27T00:21:50.888Z", "p90": 44.0, "p99_99": 85.0, "success_qps": 61.305, "failure_count": 0, "median": 43.0, "maximum": 135.0, "p95": 45.0, "minimum": 41.0, "last_modified": "2016-01-27T00:21:50.889Z", "success_count": 220698, "result": 10, "stddev": 1.34, "average": 43.49, "failure_qps": 0.0, "name": "Traffic Call (UnProtected)"}, "model": "perfhistory.transaction", "pk": 31}, {"fields": {"p99": 47.0, "description": null, "created": "2016-01-27T00:21:50.889Z", "p90": 45.0, "p99_99": 85.0, "success_qps": 60.6025, "failure_count": 0, "median": 44.0, "maximum": 125.0, "p95": 45.0, "minimum": 41.0, "last_modified": "2016-01-27T00:21:50.889Z", "success_count": 218169, "result": 10, "stddev": 1.33, "average": 43.65, "failure_qps": 0.0, "name": "Traffic Call (Protected)"}, "model": "perfhistory.transaction", "pk": 32}, {"fields": {"p99": 153.0, "description": null, "created": "2016-01-27T00:21:50.889Z", "p90": 98.0, "p99_99": 285.22, "success_qps": 0.6080555555555556, "failure_count": 0, "median": 56.0, "maximum": 292.0, "p95": 120.0, "minimum": 12.0, "last_modified": "2016-01-27T00:21:50.889Z", "success_count": 2189, "result": 10, "stddev": 26.77, "average": 61.85, "failure_qps": 0.0, "name": "Create Token"}, "model": "perfhistory.transaction", "pk": 33}, {"fields": {"p99": 54.0, "description": null, "created": "2016-01-27T00:22:11.722Z", "p90": 48.0, "p99_99": 118.0, "success_qps": 203.2136111111111, "failure_count": 0, "median": 44.0, "maximum": 165.0, "p95": 50.0, "minimum": 41.0, "last_modified": "2016-01-27T00:22:11.722Z", "success_count": 731569, "result": 11, "stddev": 2.98, "average": 44.87, "failure_qps": 0.0, "name": "Traffic Call (UnProtected)"}, "model": "perfhistory.transaction", "pk": 34}, {"fields": {"p99": 55.0, "description": null, "created": "2016-01-27T00:22:11.722Z", "p90": 49.0, "p99_99": 120.0, "success_qps": 200.64444444444445, "failure_count": 0, "median": 45.0, "maximum": 168.0, "p95": 51.0, "minimum": 41.0, "last_modified": "2016-01-27T00:22:11.722Z", "success_count": 722320, "result": 11, "stddev": 3.14, "average": 45.37, "failure_qps": 0.0, "name": "Traffic Call (Protected)"}, "model": "perfhistory.transaction", "pk": 35}, {"fields": {"p99": 173.0, "description": null, "created": "2016-01-27T00:22:11.722Z", "p90": 124.0, "p99_99": 494.6, "success_qps": 2.013611111111111, "failure_count": 0, "median": 52.0, "maximum": 512.0, "p95": 141.0, "minimum": 11.0, "last_modified": "2016-01-27T00:22:11.722Z", "success_count": 7249, "result": 11, "stddev": 43.02, "average": 60.33, "failure_qps": 0.0, "name": "Create Token"}, "model": "perfhistory.transaction", "pk": 36}, {"fields": {"codename": "add_logentry", "name": "Can add log entry", "content_type": 1}, "model": "auth.permission", "pk": 1}, {"fields": {"codename": "change_logentry", "name": "Can change log entry", "content_type": 1}, "model": "auth.permission", "pk": 2}, {"fields": {"codename": "delete_logentry", "name": "Can delete log entry", "content_type": 1}, "model": "auth.permission", "pk": 3}, {"fields": {"codename": "add_permission", "name": "Can add permission", "content_type": 2}, "model": "auth.permission", "pk": 4}, {"fields": {"codename": "change_permission", "name": "Can change permission", "content_type": 2}, "model": "auth.permission", "pk": 5}, {"fields": {"codename": "delete_permission", "name": "Can delete permission", "content_type": 2}, "model": "auth.permission", "pk": 6}, {"fields": {"codename": "add_group", "name": "Can add group", "content_type": 3}, "model": "auth.permission", "pk": 7}, {"fields": {"codename": "change_group", "name": "Can change group", "content_type": 3}, "model": "auth.permission", "pk": 8}, {"fields": {"codename": "delete_group", "name": "Can delete group", "content_type": 3}, "model": "auth.permission", "pk": 9}, {"fields": {"codename": "add_user", "name": "Can add user", "content_type": 4}, "model": "auth.permission", "pk": 10}, {"fields": {"codename": "change_user", "name": "Can change user", "content_type": 4}, "model": "auth.permission", "pk": 11}, {"fields": {"codename": "delete_user", "name": "Can delete user", "content_type": 4}, "model": "auth.permission", "pk": 12}, {"fields": {"codename": "add_contenttype", "name": "Can add content type", "content_type": 5}, "model": "auth.permission", "pk": 13}, {"fields": {"codename": "change_contenttype", "name": "Can change content type", "content_type": 5}, "model": "auth.permission", "pk": 14}, {"fields": {"codename": "delete_contenttype", "name": "Can delete content type", "content_type": 5}, "model": "auth.permission", "pk": 15}, {"fields": {"codename": "add_session", "name": "Can add session", "content_type": 6}, "model": "auth.permission", "pk": 16}, {"fields": {"codename": "change_session", "name": "Can change session", "content_type": 6}, "model": "auth.permission", "pk": 17}, {"fields": {"codename": "delete_session", "name": "Can delete session", "content_type": 6}, "model": "auth.permission", "pk": 18}, {"fields": {"codename": "add_project", "name": "Can add project", "content_type": 7}, "model": "auth.permission", "pk": 19}, {"fields": {"codename": "change_project", "name": "Can change project", "content_type": 7}, "model": "auth.permission", "pk": 20}, {"fields": {"codename": "delete_project", "name": "Can delete project", "content_type": 7}, "model": "auth.permission", "pk": 21}, {"fields": {"codename": "add_tag", "name": "Can add tag", "content_type": 8}, "model": "auth.permission", "pk": 22}, {"fields": {"codename": "change_tag", "name": "Can change tag", "content_type": 8}, "model": "auth.permission", "pk": 23}, {"fields": {"codename": "delete_tag", "name": "Can delete tag", "content_type": 8}, "model": "auth.permission", "pk": 24}, {"fields": {"codename": "add_result", "name": "Can add result", "content_type": 9}, "model": "auth.permission", "pk": 25}, {"fields": {"codename": "change_result", "name": "Can change result", "content_type": 9}, "model": "auth.permission", "pk": 26}, {"fields": {"codename": "delete_result", "name": "Can delete result", "content_type": 9}, "model": "auth.permission", "pk": 27}, {"fields": {"codename": "add_transaction", "name": "Can add transaction", "content_type": 10}, "model": "auth.permission", "pk": 28}, {"fields": {"codename": "change_transaction", "name": "Can change transaction", "content_type": 10}, "model": "auth.permission", "pk": 29}, {"fields": {"codename": "delete_transaction", "name": "Can delete transaction", "content_type": 10}, "model": "auth.permission", "pk": 30}, {"fields": {"name": "Admin", "permissions": [1, 2, 3, 7, 8, 9, 4, 5, 6, 10, 11, 12, 13, 14, 15, 19, 20, 21, 25, 26, 27, 22, 23, 24, 28, 29, 30, 16, 17, 18]}, "model": "auth.group", "pk": 1}, {"fields": {"name": "Viewers", "permissions": []}, "model": "auth.group", "pk": 2}, {"fields": {"name": "Contributors", "permissions": [25, 26, 22, 23, 28, 29]}, "model": "auth.group", "pk": 3}, {"fields": {"username": "mbeig", "first_name": "Muhammad", "last_name": "Beig", "is_active": true, "is_superuser": true, "is_staff": true, "last_login": "2016-02-01T22:55:10.852Z", "groups": [], "user_permissions": [], "password": "pbkdf2_sha256$20000$RJO07J0PGShN$uhbEp/SWRjPsUhGlqxKMpoa0rC8JsivKr5Pjke8ltyI=", "email": "saud.beig@gmail.com", "date_joined": "2016-01-26T19:31:53Z"}, "model": "auth.user", "pk": 1}, {"fields": {"username": "guest", "first_name": "Guest", "last_name": "", "is_active": true, "is_superuser": false, "is_staff": false, "last_login": "2016-01-28T07:12:07Z", "groups": [2], "user_permissions": [], "password": "pbkdf2_sha256$20000$m3RqCnXgxHpg$17A0Qs1+i9dkPi+4YrbzBpHU0OfsJdRrDzB1B9wmCPs=", "email": "", "date_joined": "2016-01-26T20:05:57Z"}, "model": "auth.user", "pk": 2}, {"fields": {"username": "mashery", "first_name": "", "last_name": "", "is_active": true, "is_superuser": false, "is_staff": false, "last_login": "2016-01-26T21:15:23.791Z", "groups": [3], "user_permissions": [], "password": "pbkdf2_sha256$24000$cJiJvwu1oLDQ$OK9Hm6IhHrBo4oOeL8FxzuydwuiPoCP6gXCeKEgv8Jc=", "email": "", "date_joined": "2016-01-26T21:15:00Z"}, "model": "auth.user", "pk": 3}, {"fields": {"action_flag": 2, "action_time": "2016-01-26T19:32:24.522Z", "object_repr": "mbeig", "object_id": "1", "change_message": "Changed first_name and last_name.", "user": 1, "content_type": 4}, "model": "admin.logentry", "pk": 1}, {"fields": {"action_flag": 1, "action_time": "2016-01-26T20:03:23.010Z", "object_repr": "Admin", "object_id": "1", "change_message": "Added.", "user": 1, "content_type": 3}, "model": "admin.logentry", "pk": 2}, {"fields": {"action_flag": 1, "action_time": "2016-01-26T20:04:29.259Z", "object_repr": "Viewers", "object_id": "2", "change_message": "Added.", "user": 1, "content_type": 3}, "model": "admin.logentry", "pk": 3}, {"fields": {"action_flag": 1, "action_time": "2016-01-26T20:05:28.519Z", "object_repr": "Contributors", "object_id": "3", "change_message": "Added.", "user": 1, "content_type": 3}, "model": "admin.logentry", "pk": 4}, {"fields": {"action_flag": 1, "action_time": "2016-01-26T20:05:57.764Z", "object_repr": "guest", "object_id": "2", "change_message": "Added.", "user": 1, "content_type": 4}, "model": "admin.logentry", "pk": 5}, {"fields": {"action_flag": 2, "action_time": "2016-01-26T20:06:18.015Z", "object_repr": "guest", "object_id": "2", "change_message": "Changed first_name, last_name and groups.", "user": 1, "content_type": 4}, "model": "admin.logentry", "pk": 6}, {"fields": {"action_flag": 1, "action_time": "2016-01-26T21:15:00.735Z", "object_repr": "mashery", "object_id": "3", "change_message": "Added.", "user": 1, "content_type": 4}, "model": "admin.logentry", "pk": 7}, {"fields": {"action_flag": 2, "action_time": "2016-01-26T21:15:12.543Z", "object_repr": "mashery", "object_id": "3", "change_message": "Changed groups.", "user": 1, "content_type": 4}, "model": "admin.logentry", "pk": 8}, {"fields": {"action_flag": 2, "action_time": "2016-02-01T22:55:30.044Z", "object_repr": "guest", "object_id": "2", "change_message": "Changed password.", "user": 1, "content_type": 4}, "model": "admin.logentry", "pk": 9}, {"fields": {"action_flag": 2, "action_time": "2016-02-01T22:55:45.653Z", "object_repr": "guest", "object_id": "2", "change_message": "Changed first_name and last_name.", "user": 1, "content_type": 4}, "model": "admin.logentry", "pk": 10}]