[
{
  "model": "auth.permission",
  "fields": {
    "name": "Can add log entry",
    "content_type": 1,
    "codename": "add_logentry"
  }
},
{
  "model": "auth.permission",
  "fields": {
    "name": "Can change log entry",
    "content_type": 1,
    "codename": "change_logentry"
  }
},
{
  "model": "auth.permission",
  "fields": {
    "name": "Can delete log entry",
    "content_type": 1,
    "codename": "delete_logentry"
  }
},
{
  "model": "auth.permission",
  "fields": {
    "name": "Can add permission",
    "content_type": 2,
    "codename": "add_permission"
  }
},
{
  "model": "auth.permission",
  "fields": {
    "name": "Can change permission",
    "content_type": 2,
    "codename": "change_permission"
  }
},
{
  "model": "auth.permission",
  "fields": {
    "name": "Can delete permission",
    "content_type": 2,
    "codename": "delete_permission"
  }
},
{
  "model": "auth.permission",
  "fields": {
    "name": "Can add group",
    "content_type": 3,
    "codename": "add_group"
  }
},
{
  "model": "auth.permission",
  "fields": {
    "name": "Can change group",
    "content_type": 3,
    "codename": "change_group"
  }
},
{
  "model": "auth.permission",
  "fields": {
    "name": "Can delete group",
    "content_type": 3,
    "codename": "delete_group"
  }
},
{
  "model": "auth.permission",
  "fields": {
    "name": "Can add user",
    "content_type": 4,
    "codename": "add_user"
  }
},
{
  "model": "auth.permission",
  "fields": {
    "name": "Can change user",
    "content_type": 4,
    "codename": "change_user"
  }
},
{
  "model": "auth.permission",
  "fields": {
    "name": "Can delete user",
    "content_type": 4,
    "codename": "delete_user"
  }
},
{
  "model": "auth.permission",
  "fields": {
    "name": "Can add content type",
    "content_type": 5,
    "codename": "add_contenttype"
  }
},
{
  "model": "auth.permission",
  "fields": {
    "name": "Can change content type",
    "content_type": 5,
    "codename": "change_contenttype"
  }
},
{
  "model": "auth.permission",
  "fields": {
    "name": "Can delete content type",
    "content_type": 5,
    "codename": "delete_contenttype"
  }
},
{
  "model": "auth.permission",
  "fields": {
    "name": "Can add session",
    "content_type": 6,
    "codename": "add_session"
  }
},
{
  "model": "auth.permission",
  "fields": {
    "name": "Can change session",
    "content_type": 6,
    "codename": "change_session"
  }
},
{
  "model": "auth.permission",
  "fields": {
    "name": "Can delete session",
    "content_type": 6,
    "codename": "delete_session"
  }
},
{
  "model": "auth.permission",
  "fields": {
    "name": "Can add project",
    "content_type": 7,
    "codename": "add_project"
  }
},
{
  "model": "auth.permission",
  "fields": {
    "name": "Can change project",
    "content_type": 7,
    "codename": "change_project"
  }
},
{
  "model": "auth.permission",
  "fields": {
    "name": "Can delete project",
    "content_type": 7,
    "codename": "delete_project"
  }
},
{
  "model": "auth.permission",
  "fields": {
    "name": "Can add tag",
    "content_type": 8,
    "codename": "add_tag"
  }
},
{
  "model": "auth.permission",
  "fields": {
    "name": "Can change tag",
    "content_type": 8,
    "codename": "change_tag"
  }
},
{
  "model": "auth.permission",
  "fields": {
    "name": "Can delete tag",
    "content_type": 8,
    "codename": "delete_tag"
  }
},
{
  "model": "auth.permission",
  "fields": {
    "name": "Can add result",
    "content_type": 9,
    "codename": "add_result"
  }
},
{
  "model": "auth.permission",
  "fields": {
    "name": "Can change result",
    "content_type": 9,
    "codename": "change_result"
  }
},
{
  "model": "auth.permission",
  "fields": {
    "name": "Can delete result",
    "content_type": 9,
    "codename": "delete_result"
  }
},
{
  "model": "auth.permission",
  "fields": {
    "name": "Can add transaction",
    "content_type": 10,
    "codename": "add_transaction"
  }
},
{
  "model": "auth.permission",
  "fields": {
    "name": "Can change transaction",
    "content_type": 10,
    "codename": "change_transaction"
  }
},
{
  "model": "auth.permission",
  "fields": {
    "name": "Can delete transaction",
    "content_type": 10,
    "codename": "delete_transaction"
  }
},
{
  "model": "auth.group",
  "fields": {
    "name": "Admin",
    "permissions": [
      1,
      2,
      3,
      7,
      8,
      9,
      4,
      5,
      6,
      10,
      11,
      12,
      13,
      14,
      15,
      19,
      20,
      21,
      25,
      26,
      27,
      22,
      23,
      24,
      28,
      29,
      30,
      16,
      17,
      18
    ]
  }
},
{
  "model": "auth.group",
  "fields": {
    "name": "Viewers",
    "permissions": []
  }
},
{
  "model": "auth.group",
  "fields": {
    "name": "Contributors",
    "permissions": [
      25,
      26,
      22,
      23,
      28,
      29
    ]
  }
},
{
  "model": "auth.user",
  "fields": {
    "password": "pbkdf2_sha256$24000$4P9Z1LuOLUNL$r1DOkA0XHBll9deQx0gf6kN3O+tfy43EbNX8bxOpzIU=",
    "last_login": "2016-01-28T07:12:42.036Z",
    "is_superuser": true,
    "username": "mbeig",
    "first_name": "Muhammad",
    "last_name": "Beig",
    "email": "saud.beig@gmail.com",
    "is_staff": true,
    "is_active": true,
    "date_joined": "2016-01-26T19:31:53Z",
    "groups": [],
    "user_permissions": []
  }
},
{
  "model": "auth.user",
  "fields": {
    "password": "pbkdf2_sha256$24000$UqrJcFaOkWGY$fQ6gkFrQLfrtTtuaN1xFNAA41wggzvN9nmKCT1YZQ2A=",
    "last_login": "2016-01-28T07:12:07.663Z",
    "is_superuser": false,
    "username": "guest",
    "first_name": "Mashery",
    "last_name": "Guest",
    "email": "",
    "is_staff": false,
    "is_active": true,
    "date_joined": "2016-01-26T20:05:57Z",
    "groups": [
      2
    ],
    "user_permissions": []
  }
},
{
  "model": "auth.user",
  "fields": {
    "password": "pbkdf2_sha256$24000$cJiJvwu1oLDQ$OK9Hm6IhHrBo4oOeL8FxzuydwuiPoCP6gXCeKEgv8Jc=",
    "last_login": "2016-01-26T21:15:23.791Z",
    "is_superuser": false,
    "username": "mashery",
    "first_name": "",
    "last_name": "",
    "email": "",
    "is_staff": false,
    "is_active": true,
    "date_joined": "2016-01-26T21:15:00Z",
    "groups": [
      3
    ],
    "user_permissions": []
  }
},
{
  "model": "perfhistory.project",
  "pk": 1,
  "fields": {
    "name": "Mashery Local Upgrade",
    "description": "Performance Testing Results ML 2.7.7, 3.0 and 3.1",
    "created": "2016-01-26T19:55:08.710Z",
    "last_modified": "2016-01-26T19:55:39.450Z"
  }
},
{
  "model": "perfhistory.tag",
  "pk": 1,
  "fields": {
    "project": 1,
    "name": "10 Users",
    "description": "",
    "created": "2016-01-26T19:55:58.369Z",
    "last_modified": "2016-01-26T19:55:58.369Z"
  }
},
{
  "model": "perfhistory.tag",
  "pk": 2,
  "fields": {
    "project": 1,
    "name": "30 Users",
    "description": "",
    "created": "2016-01-26T19:58:27.269Z",
    "last_modified": "2016-01-26T19:58:27.269Z"
  }
},
{
  "model": "perfhistory.tag",
  "pk": 3,
  "fields": {
    "project": 1,
    "name": "100 Users",
    "description": "",
    "created": "2016-01-26T19:59:53.931Z",
    "last_modified": "2016-01-26T19:59:53.931Z"
  }
},
{
  "model": "perfhistory.result",
  "pk": 1,
  "fields": {
    "project": 1,
    "tag": 1,
    "name": "ML277_10users_1223_1120pmPST",
    "description": "ML277_10users_1223_1120pmPST.jtl",
    "version": "2.7.7",
    "filename": "ML277_10users_1223_1120pmPST.jtl",
    "duration_minutes": 60.0,
    "created": "2016-01-26T19:57:36.853Z",
    "last_modified": "2016-01-27T00:46:27.534Z",
    "baseline": true,
    "numberofusers": 10
  }
},
{
  "model": "perfhistory.result",
  "pk": 2,
  "fields": {
    "project": 1,
    "tag": 1,
    "name": "ML30_10users_1222_5pmPST",
    "description": "ML30_10users_1222_5pmPST.jtl",
    "version": "3.0",
    "filename": "ML30_10users_1222_5pmPST.jtl",
    "duration_minutes": 60.0,
    "created": "2016-01-26T19:58:11.720Z",
    "last_modified": "2016-01-27T00:46:27.532Z",
    "baseline": false,
    "numberofusers": 10
  }
},
{
  "model": "perfhistory.result",
  "pk": 3,
  "fields": {
    "project": 1,
    "tag": 2,
    "name": "ML30_30users_1222_710pmPST",
    "description": "ML30_30users_1222_710pmPST.jtl",
    "version": "3.0",
    "filename": "ML30_30users_1222_710pmPST.jtl",
    "duration_minutes": 60.0,
    "created": "2016-01-26T19:58:58.928Z",
    "last_modified": "2016-01-26T19:59:36.497Z",
    "baseline": false,
    "numberofusers": 30
  }
},
{
  "model": "perfhistory.result",
  "pk": 4,
  "fields": {
    "project": 1,
    "tag": 2,
    "name": "ML277_30users_1224_1224amPST",
    "description": "ML277_30users_1224_1224amPST.jtl",
    "version": "2.7.7",
    "filename": "ML277_30users_1224_1224amPST.jtl",
    "duration_minutes": 60.0,
    "created": "2016-01-26T19:59:33.747Z",
    "last_modified": "2016-01-26T19:59:36.498Z",
    "baseline": true,
    "numberofusers": 30
  }
},
{
  "model": "perfhistory.result",
  "pk": 5,
  "fields": {
    "project": 1,
    "tag": 3,
    "name": "ML277_100users_1224_1240pmPST",
    "description": "ML277_100users_1224_1240pmPST.jtl",
    "version": "2.7.7",
    "filename": "ML277_100users_1224_1240pmPST.jtl",
    "duration_minutes": 60.0,
    "created": "2016-01-26T20:00:21.081Z",
    "last_modified": "2016-01-26T20:00:21.081Z",
    "baseline": true,
    "numberofusers": 100
  }
},
{
  "model": "perfhistory.result",
  "pk": 6,
  "fields": {
    "project": 1,
    "tag": 3,
    "name": "ML30_100users_1222_815pmPST",
    "description": "ML30_100users_1222_815pmPST.jtl",
    "version": "3.0",
    "filename": "ML30_100users_1222_815pmPST.jtl",
    "duration_minutes": 60.0,
    "created": "2016-01-26T20:00:59.194Z",
    "last_modified": "2016-01-26T20:00:59.194Z",
    "baseline": false,
    "numberofusers": 100
  }
},
{
  "model": "perfhistory.result",
  "pk": 9,
  "fields": {
    "project": 1,
    "tag": 1,
    "name": "ML31_10users_126_1254pmPST",
    "description": "/Users/mbeig/Tests/Results/ML3_Upgrade/3.1/ML31_10users_126_1254pmPST.jtl",
    "version": "3.1 (012516)",
    "filename": "/Users/mbeig/Tests/Results/ML3_Upgrade/3.1/ML31_10users_126_1254pmPST.jtl",
    "duration_minutes": 60.0,
    "created": "2016-01-27T00:20:15.598Z",
    "last_modified": "2016-01-27T00:58:37.111Z",
    "baseline": false,
    "numberofusers": 10
  }
},
{
  "model": "perfhistory.result",
  "pk": 10,
  "fields": {
    "project": 1,
    "tag": 2,
    "name": "ML31_30users_126_1148amPST",
    "description": "/Users/mbeig/Tests/Results/ML3_Upgrade/3.1/ML31_30users_126_1148amPST.jtl",
    "version": "3.1 (012516)",
    "filename": "/Users/mbeig/Tests/Results/ML3_Upgrade/3.1/ML31_30users_126_1148amPST.jtl",
    "duration_minutes": 60.0,
    "created": "2016-01-27T00:21:50.887Z",
    "last_modified": "2016-01-27T20:28:40.651Z",
    "baseline": false,
    "numberofusers": 30
  }
},
{
  "model": "perfhistory.result",
  "pk": 11,
  "fields": {
    "project": 1,
    "tag": 3,
    "name": "ML31_100users_126_1043amPST",
    "description": "                                              /Users/mbeig/Tests/Results/ML3_Upgrade/3.1/ML31_100users_126_1043amPST.jtl",
    "version": "3.1 (012516)",
    "filename": "/Users/mbeig/Tests/Results/ML3_Upgrade/3.1/ML31_100users_126_1043amPST.jtl",
    "duration_minutes": 60.0,
    "created": "2016-01-27T00:22:11.721Z",
    "last_modified": "2016-01-27T00:23:50.315Z",
    "baseline": false,
    "numberofusers": 100
  }
},
{
  "model": "perfhistory.transaction",
  "pk": 1,
  "fields": {
    "result": 1,
    "name": "Create Token",
    "description": null,
    "created": "2016-01-26T19:57:36.855Z",
    "last_modified": "2016-01-26T19:57:36.855Z",
    "success_count": 700,
    "success_qps": 0.19444444444444445,
    "failure_count": 0,
    "failure_qps": 0.0,
    "average": 54.99,
    "median": 48.0,
    "minimum": 24.0,
    "maximum": 332.0,
    "stddev": 23.926596439263605,
    "p90": 78.0,
    "p95": 112.0,
    "p99": 132.0,
    "p99_99": 332.0
  }
},
{
  "model": "perfhistory.transaction",
  "pk": 2,
  "fields": {
    "result": 1,
    "name": "Traffic Call (UnProtected)",
    "description": null,
    "created": "2016-01-26T19:57:36.856Z",
    "last_modified": "2016-01-26T19:57:36.856Z",
    "success_count": 70423,
    "success_qps": 19.561944444444446,
    "failure_count": 0,
    "failure_qps": 0.0,
    "average": 54.44741064708973,
    "median": 52.0,
    "minimum": 42.0,
    "maximum": 1941.0,
    "stddev": 21.942547828472218,
    "p90": 62.0,
    "p95": 63.0,
    "p99": 64.0,
    "p99_99": 1447.0
  }
},
{
  "model": "perfhistory.transaction",
  "pk": 3,
  "fields": {
    "result": 1,
    "name": "Traffic Call (Protected)",
    "description": null,
    "created": "2016-01-26T19:57:36.856Z",
    "last_modified": "2016-01-26T19:57:36.856Z",
    "success_count": 69722,
    "success_qps": 19.36722222222222,
    "failure_count": 0,
    "failure_qps": 0.0,
    "average": 54.393677748773705,
    "median": 52.0,
    "minimum": 42.0,
    "maximum": 1927.0,
    "stddev": 22.2374990915356,
    "p90": 62.0,
    "p95": 63.0,
    "p99": 64.0,
    "p99_99": 1447.0
  }
},
{
  "model": "perfhistory.transaction",
  "pk": 4,
  "fields": {
    "result": 2,
    "name": "Traffic Call (UnProtected)",
    "description": null,
    "created": "2016-01-26T19:58:11.721Z",
    "last_modified": "2016-01-26T19:58:11.721Z",
    "success_count": 73335,
    "success_qps": 20.370833333333334,
    "failure_count": 0,
    "failure_qps": 0.0,
    "average": 44.33411058839572,
    "median": 44.0,
    "minimum": 42.0,
    "maximum": 132.0,
    "stddev": 1.9355588508390331,
    "p90": 46.0,
    "p95": 46.0,
    "p99": 48.0,
    "p99_99": 88.0
  }
},
{
  "model": "perfhistory.transaction",
  "pk": 5,
  "fields": {
    "result": 2,
    "name": "Create Token",
    "description": null,
    "created": "2016-01-26T19:58:11.721Z",
    "last_modified": "2016-01-26T19:58:11.721Z",
    "success_count": 728,
    "success_qps": 0.20222222222222222,
    "failure_count": 0,
    "failure_qps": 0.0,
    "average": 52.0989010989011,
    "median": 50.0,
    "minimum": 20.0,
    "maximum": 149.0,
    "stddev": 17.02101941584117,
    "p90": 69.0,
    "p95": 84.0,
    "p99": 119.0,
    "p99_99": 149.0
  }
},
{
  "model": "perfhistory.transaction",
  "pk": 6,
  "fields": {
    "result": 2,
    "name": "Traffic Call (Protected)",
    "description": null,
    "created": "2016-01-26T19:58:11.721Z",
    "last_modified": "2016-01-26T19:58:11.722Z",
    "success_count": 72603,
    "success_qps": 20.1675,
    "failure_count": 0,
    "failure_qps": 0.0,
    "average": 44.22332410506453,
    "median": 44.0,
    "minimum": 41.0,
    "maximum": 123.0,
    "stddev": 1.9097896570006299,
    "p90": 45.0,
    "p95": 46.0,
    "p99": 48.0,
    "p99_99": 86.0
  }
},
{
  "model": "perfhistory.transaction",
  "pk": 7,
  "fields": {
    "result": 3,
    "name": "Traffic Call (UnProtected)",
    "description": null,
    "created": "2016-01-26T19:58:58.929Z",
    "last_modified": "2016-01-26T19:58:58.929Z",
    "success_count": 220610,
    "success_qps": 61.28055555555556,
    "failure_count": 0,
    "failure_qps": 0.0,
    "average": 43.58608403970808,
    "median": 43.0,
    "minimum": 41.0,
    "maximum": 142.0,
    "stddev": 1.4362031796972436,
    "p90": 44.0,
    "p95": 45.0,
    "p99": 47.0,
    "p99_99": 85.0
  }
},
{
  "model": "perfhistory.transaction",
  "pk": 8,
  "fields": {
    "result": 3,
    "name": "Create Token",
    "description": null,
    "created": "2016-01-26T19:58:58.929Z",
    "last_modified": "2016-01-26T19:58:58.929Z",
    "success_count": 2190,
    "success_qps": 0.6083333333333333,
    "failure_count": 0,
    "failure_qps": 0.0,
    "average": 59.45068493150685,
    "median": 55.0,
    "minimum": 11.0,
    "maximum": 188.0,
    "stddev": 24.74295608309228,
    "p90": 94.0,
    "p95": 115.0,
    "p99": 142.0,
    "p99_99": 188.0
  }
},
{
  "model": "perfhistory.transaction",
  "pk": 9,
  "fields": {
    "result": 3,
    "name": "Traffic Call (Protected)",
    "description": null,
    "created": "2016-01-26T19:58:58.929Z",
    "last_modified": "2016-01-26T19:58:58.929Z",
    "success_count": 218294,
    "success_qps": 60.63722222222222,
    "failure_count": 0,
    "failure_qps": 0.0,
    "average": 43.52725681878567,
    "median": 43.0,
    "minimum": 41.0,
    "maximum": 125.0,
    "stddev": 1.3950914307925169,
    "p90": 44.0,
    "p95": 45.0,
    "p99": 46.0,
    "p99_99": 85.0
  }
},
{
  "model": "perfhistory.transaction",
  "pk": 10,
  "fields": {
    "result": 4,
    "name": "Traffic Call (UnProtected)",
    "description": null,
    "created": "2016-01-26T19:59:33.748Z",
    "last_modified": "2016-01-26T19:59:33.748Z",
    "success_count": 210050,
    "success_qps": 58.34722222222222,
    "failure_count": 0,
    "failure_qps": 0.0,
    "average": 55.840495120209475,
    "median": 53.0,
    "minimum": 42.0,
    "maximum": 3022.0,
    "stddev": 32.351724976249855,
    "p90": 62.0,
    "p95": 63.0,
    "p99": 66.0,
    "p99_99": 1971.0
  }
},
{
  "model": "perfhistory.transaction",
  "pk": 11,
  "fields": {
    "result": 4,
    "name": "Create Token",
    "description": null,
    "created": "2016-01-26T19:59:33.749Z",
    "last_modified": "2016-01-26T19:59:33.749Z",
    "success_count": 2088,
    "success_qps": 0.58,
    "failure_count": 0,
    "failure_qps": 0.0,
    "average": 52.684865900383144,
    "median": 48.0,
    "minimum": 12.0,
    "maximum": 1102.0,
    "stddev": 35.08220643459203,
    "p90": 91.0,
    "p95": 111.0,
    "p99": 133.0,
    "p99_99": 1102.0
  }
},
{
  "model": "perfhistory.transaction",
  "pk": 12,
  "fields": {
    "result": 4,
    "name": "Traffic Call (Protected)",
    "description": null,
    "created": "2016-01-26T19:59:33.749Z",
    "last_modified": "2016-01-26T19:59:33.749Z",
    "success_count": 208002,
    "success_qps": 57.778333333333336,
    "failure_count": 0,
    "failure_qps": 0.0,
    "average": 55.782228055499466,
    "median": 53.0,
    "minimum": 42.0,
    "maximum": 2007.0,
    "stddev": 32.02136180143372,
    "p90": 62.0,
    "p95": 63.0,
    "p99": 66.0,
    "p99_99": 1914.0
  }
},
{
  "model": "perfhistory.transaction",
  "pk": 13,
  "fields": {
    "result": 5,
    "name": "Traffic Call (UnProtected)",
    "description": null,
    "created": "2016-01-26T20:00:21.082Z",
    "last_modified": "2016-01-26T20:00:21.082Z",
    "success_count": 691897,
    "success_qps": 192.19361111111112,
    "failure_count": 0,
    "failure_qps": 0.0,
    "average": 58.916197064013865,
    "median": 56.0,
    "minimum": 41.0,
    "maximum": 2263.0,
    "stddev": 30.945203874497583,
    "p90": 64.0,
    "p95": 69.0,
    "p99": 82.0,
    "p99_99": 1805.0
  }
},
{
  "model": "perfhistory.transaction",
  "pk": 14,
  "fields": {
    "result": 5,
    "name": "Create Token",
    "description": null,
    "created": "2016-01-26T20:00:21.082Z",
    "last_modified": "2016-01-26T20:00:21.082Z",
    "success_count": 6877,
    "success_qps": 1.9102777777777777,
    "failure_count": 0,
    "failure_qps": 0.0,
    "average": 48.196015704522324,
    "median": 39.0,
    "minimum": 12.0,
    "maximum": 445.0,
    "stddev": 35.06014480512862,
    "p90": 101.0,
    "p95": 119.0,
    "p99": 154.0,
    "p99_99": 427.0
  }
},
{
  "model": "perfhistory.transaction",
  "pk": 15,
  "fields": {
    "result": 5,
    "name": "Traffic Call (Protected)",
    "description": null,
    "created": "2016-01-26T20:00:21.082Z",
    "last_modified": "2016-01-26T20:00:21.082Z",
    "success_count": 685343,
    "success_qps": 190.37305555555557,
    "failure_count": 0,
    "failure_qps": 0.0,
    "average": 58.87097993267605,
    "median": 56.0,
    "minimum": 41.0,
    "maximum": 2263.0,
    "stddev": 31.059989880717108,
    "p90": 64.0,
    "p95": 69.0,
    "p99": 82.0,
    "p99_99": 1910.0
  }
},
{
  "model": "perfhistory.transaction",
  "pk": 16,
  "fields": {
    "result": 6,
    "name": "Traffic Call (UnProtected)",
    "description": null,
    "created": "2016-01-26T20:00:59.202Z",
    "last_modified": "2016-01-26T20:00:59.202Z",
    "success_count": 733423,
    "success_qps": 203.72861111111112,
    "failure_count": 0,
    "failure_qps": 0.0,
    "average": 44.250755703052675,
    "median": 44.0,
    "minimum": 41.0,
    "maximum": 202.0,
    "stddev": 2.294986189710925,
    "p90": 46.0,
    "p95": 47.0,
    "p99": 51.0,
    "p99_99": 122.0
  }
},
{
  "model": "perfhistory.transaction",
  "pk": 17,
  "fields": {
    "result": 6,
    "name": "Create Token",
    "description": null,
    "created": "2016-01-26T20:00:59.202Z",
    "last_modified": "2016-01-26T20:00:59.202Z",
    "success_count": 7280,
    "success_qps": 2.022222222222222,
    "failure_count": 0,
    "failure_qps": 0.0,
    "average": 62.67211538461538,
    "median": 57.0,
    "minimum": 10.0,
    "maximum": 644.0,
    "stddev": 39.483031633594166,
    "p90": 116.0,
    "p95": 132.0,
    "p99": 171.0,
    "p99_99": 600.0
  }
},
{
  "model": "perfhistory.transaction",
  "pk": 18,
  "fields": {
    "result": 6,
    "name": "Traffic Call (Protected)",
    "description": null,
    "created": "2016-01-26T20:00:59.202Z",
    "last_modified": "2016-01-26T20:00:59.202Z",
    "success_count": 725626,
    "success_qps": 201.56277777777777,
    "failure_count": 0,
    "failure_qps": 0.0,
    "average": 44.2134818763385,
    "median": 44.0,
    "minimum": 41.0,
    "maximum": 203.0,
    "stddev": 2.3156250738195987,
    "p90": 46.0,
    "p95": 47.0,
    "p99": 51.0,
    "p99_99": 124.0
  }
},
{
  "model": "perfhistory.transaction",
  "pk": 28,
  "fields": {
    "result": 9,
    "name": "Traffic Call (UnProtected)",
    "description": null,
    "created": "2016-01-27T00:20:15.599Z",
    "last_modified": "2016-01-27T00:20:15.599Z",
    "success_count": 73383,
    "success_qps": 20.384166666666665,
    "failure_count": 0,
    "failure_qps": 0.0,
    "average": 44.17,
    "median": 44.0,
    "minimum": 42.0,
    "maximum": 125.0,
    "stddev": 1.96,
    "p90": 45.0,
    "p95": 46.0,
    "p99": 47.0,
    "p99_99": 85.66
  }
},
{
  "model": "perfhistory.transaction",
  "pk": 29,
  "fields": {
    "result": 9,
    "name": "Traffic Call (Protected)",
    "description": null,
    "created": "2016-01-27T00:20:15.599Z",
    "last_modified": "2016-01-27T00:20:15.599Z",
    "success_count": 72627,
    "success_qps": 20.174166666666668,
    "failure_count": 0,
    "failure_qps": 0.0,
    "average": 44.18,
    "median": 44.0,
    "minimum": 42.0,
    "maximum": 119.0,
    "stddev": 2.1,
    "p90": 45.0,
    "p95": 46.0,
    "p99": 47.0,
    "p99_99": 85.74
  }
},
{
  "model": "perfhistory.transaction",
  "pk": 30,
  "fields": {
    "result": 9,
    "name": "Create Token",
    "description": null,
    "created": "2016-01-27T00:20:15.599Z",
    "last_modified": "2016-01-27T00:20:15.599Z",
    "success_count": 729,
    "success_qps": 0.2025,
    "failure_count": 0,
    "failure_qps": 0.0,
    "average": 48.97,
    "median": 47.0,
    "minimum": 11.0,
    "maximum": 150.0,
    "stddev": 20.47,
    "p90": 73.0,
    "p95": 88.0,
    "p99": 121.6,
    "p99_99": 149.64
  }
},
{
  "model": "perfhistory.transaction",
  "pk": 31,
  "fields": {
    "result": 10,
    "name": "Traffic Call (UnProtected)",
    "description": null,
    "created": "2016-01-27T00:21:50.888Z",
    "last_modified": "2016-01-27T00:21:50.889Z",
    "success_count": 220698,
    "success_qps": 61.305,
    "failure_count": 0,
    "failure_qps": 0.0,
    "average": 43.49,
    "median": 43.0,
    "minimum": 41.0,
    "maximum": 135.0,
    "stddev": 1.34,
    "p90": 44.0,
    "p95": 45.0,
    "p99": 46.0,
    "p99_99": 85.0
  }
},
{
  "model": "perfhistory.transaction",
  "pk": 32,
  "fields": {
    "result": 10,
    "name": "Traffic Call (Protected)",
    "description": null,
    "created": "2016-01-27T00:21:50.889Z",
    "last_modified": "2016-01-27T00:21:50.889Z",
    "success_count": 218169,
    "success_qps": 60.6025,
    "failure_count": 0,
    "failure_qps": 0.0,
    "average": 43.65,
    "median": 44.0,
    "minimum": 41.0,
    "maximum": 125.0,
    "stddev": 1.33,
    "p90": 45.0,
    "p95": 45.0,
    "p99": 47.0,
    "p99_99": 85.0
  }
},
{
  "model": "perfhistory.transaction",
  "pk": 33,
  "fields": {
    "result": 10,
    "name": "Create Token",
    "description": null,
    "created": "2016-01-27T00:21:50.889Z",
    "last_modified": "2016-01-27T00:21:50.889Z",
    "success_count": 2189,
    "success_qps": 0.6080555555555556,
    "failure_count": 0,
    "failure_qps": 0.0,
    "average": 61.85,
    "median": 56.0,
    "minimum": 12.0,
    "maximum": 292.0,
    "stddev": 26.77,
    "p90": 98.0,
    "p95": 120.0,
    "p99": 153.0,
    "p99_99": 285.22
  }
},
{
  "model": "perfhistory.transaction",
  "pk": 34,
  "fields": {
    "result": 11,
    "name": "Traffic Call (UnProtected)",
    "description": null,
    "created": "2016-01-27T00:22:11.722Z",
    "last_modified": "2016-01-27T00:22:11.722Z",
    "success_count": 731569,
    "success_qps": 203.2136111111111,
    "failure_count": 0,
    "failure_qps": 0.0,
    "average": 44.87,
    "median": 44.0,
    "minimum": 41.0,
    "maximum": 165.0,
    "stddev": 2.98,
    "p90": 48.0,
    "p95": 50.0,
    "p99": 54.0,
    "p99_99": 118.0
  }
},
{
  "model": "perfhistory.transaction",
  "pk": 35,
  "fields": {
    "result": 11,
    "name": "Traffic Call (Protected)",
    "description": null,
    "created": "2016-01-27T00:22:11.722Z",
    "last_modified": "2016-01-27T00:22:11.722Z",
    "success_count": 722320,
    "success_qps": 200.64444444444445,
    "failure_count": 0,
    "failure_qps": 0.0,
    "average": 45.37,
    "median": 45.0,
    "minimum": 41.0,
    "maximum": 168.0,
    "stddev": 3.14,
    "p90": 49.0,
    "p95": 51.0,
    "p99": 55.0,
    "p99_99": 120.0
  }
},
{
  "model": "perfhistory.transaction",
  "pk": 36,
  "fields": {
    "result": 11,
    "name": "Create Token",
    "description": null,
    "created": "2016-01-27T00:22:11.722Z",
    "last_modified": "2016-01-27T00:22:11.722Z",
    "success_count": 7249,
    "success_qps": 2.013611111111111,
    "failure_count": 0,
    "failure_qps": 0.0,
    "average": 60.33,
    "median": 52.0,
    "minimum": 11.0,
    "maximum": 512.0,
    "stddev": 43.02,
    "p90": 124.0,
    "p95": 141.0,
    "p99": 173.0,
    "p99_99": 494.6
  }
},
{
  "model": "admin.logentry",
  "pk": 1,
  "fields": {
    "action_time": "2016-01-26T19:32:24.522Z",
    "user": 1,
    "content_type": 4,
    "object_id": "1",
    "object_repr": "mbeig",
    "action_flag": 2,
    "change_message": "Changed first_name and last_name."
  }
},
{
  "model": "admin.logentry",
  "pk": 2,
  "fields": {
    "action_time": "2016-01-26T20:03:23.010Z",
    "user": 1,
    "content_type": 3,
    "object_id": "1",
    "object_repr": "Admin",
    "action_flag": 1,
    "change_message": "Added."
  }
},
{
  "model": "admin.logentry",
  "pk": 3,
  "fields": {
    "action_time": "2016-01-26T20:04:29.259Z",
    "user": 1,
    "content_type": 3,
    "object_id": "2",
    "object_repr": "Viewers",
    "action_flag": 1,
    "change_message": "Added."
  }
},
{
  "model": "admin.logentry",
  "pk": 4,
  "fields": {
    "action_time": "2016-01-26T20:05:28.519Z",
    "user": 1,
    "content_type": 3,
    "object_id": "3",
    "object_repr": "Contributors",
    "action_flag": 1,
    "change_message": "Added."
  }
},
{
  "model": "admin.logentry",
  "pk": 5,
  "fields": {
    "action_time": "2016-01-26T20:05:57.764Z",
    "user": 1,
    "content_type": 4,
    "object_id": "2",
    "object_repr": "guest",
    "action_flag": 1,
    "change_message": "Added."
  }
},
{
  "model": "admin.logentry",
  "pk": 6,
  "fields": {
    "action_time": "2016-01-26T20:06:18.015Z",
    "user": 1,
    "content_type": 4,
    "object_id": "2",
    "object_repr": "guest",
    "action_flag": 2,
    "change_message": "Changed first_name, last_name and groups."
  }
},
{
  "model": "admin.logentry",
  "pk": 7,
  "fields": {
    "action_time": "2016-01-26T21:15:00.735Z",
    "user": 1,
    "content_type": 4,
    "object_id": "3",
    "object_repr": "mashery",
    "action_flag": 1,
    "change_message": "Added."
  }
},
{
  "model": "admin.logentry",
  "pk": 8,
  "fields": {
    "action_time": "2016-01-26T21:15:12.543Z",
    "user": 1,
    "content_type": 4,
    "object_id": "3",
    "object_repr": "mashery",
    "action_flag": 2,
    "change_message": "Changed groups."
  }
}
]
